<annotation>
	<folder>USF_logos_main_photos</folder>
	<filename>1200x600wp.jpg</filename>
	<path>C:\Users\Andrew\Downloads\USF_logos_main_photos\1200x600wp.jpg</path>
	<source>
		<database>Unknown</database>
	</source>
	<size>
		<width>0</width>
		<height>0</height>
		<depth>3</depth>
	</size>
	<segmented>0</segmented>
	<object>
		<name>logo</name>
		<pose>Unspecified</pose>
		<truncated>0</truncated>
		<difficult>0</difficult>
		<bndbox>
			<xmin>400</xmin>
			<ymin>93</ymin>
			<xmax>628</xmax>
			<ymax>431</ymax>
		</bndbox>
	</object>
</annotation>
