<annotation>
	<folder>USF_logos_main_photos</folder>
	<filename>1883231785.jpg</filename>
	<path>C:\Users\Andrew\Downloads\USF_logos_main_photos\1883231785.jpg</path>
	<source>
		<database>Unknown</database>
	</source>
	<size>
		<width>710</width>
		<height>444</height>
		<depth>3</depth>
	</size>
	<segmented>0</segmented>
	<object>
		<name>logo</name>
		<pose>Unspecified</pose>
		<truncated>0</truncated>
		<difficult>0</difficult>
		<bndbox>
			<xmin>257</xmin>
			<ymin>153</ymin>
			<xmax>440</xmax>
			<ymax>296</ymax>
		</bndbox>
	</object>
</annotation>
