<annotation>
	<folder>USF_logos_main_photos</folder>
	<filename>193-1932112_bc-logo-bulls-usf.jpg</filename>
	<path>C:\Users\Andrew\Downloads\USF_logos_main_photos\193-1932112_bc-logo-bulls-usf.jpg</path>
	<source>
		<database>Unknown</database>
	</source>
	<size>
		<width>820</width>
		<height>300</height>
		<depth>3</depth>
	</size>
	<segmented>0</segmented>
	<object>
		<name>logo</name>
		<pose>Unspecified</pose>
		<truncated>0</truncated>
		<difficult>0</difficult>
		<bndbox>
			<xmin>238</xmin>
			<ymin>38</ymin>
			<xmax>452</xmax>
			<ymax>216</ymax>
		</bndbox>
	</object>
</annotation>
