<annotation>
	<folder>USF_logos_main_photos</folder>
	<filename>26b0856b-cf75-4dfc-bbe9-08255a55cdad_1.20fc2929f6837cc38e85c0c2a5c01eb3.jpg</filename>
	<path>C:\Users\Andrew\Downloads\USF_logos_main_photos\26b0856b-cf75-4dfc-bbe9-08255a55cdad_1.20fc2929f6837cc38e85c0c2a5c01eb3.jpg</path>
	<source>
		<database>Unknown</database>
	</source>
	<size>
		<width>1000</width>
		<height>1000</height>
		<depth>3</depth>
	</size>
	<segmented>0</segmented>
	<object>
		<name>logo</name>
		<pose>Unspecified</pose>
		<truncated>0</truncated>
		<difficult>0</difficult>
		<bndbox>
			<xmin>170</xmin>
			<ymin>178</ymin>
			<xmax>820</xmax>
			<ymax>715</ymax>
		</bndbox>
	</object>
</annotation>
