<annotation>
	<folder>USF_logos_main_photos</folder>
	<filename>30317-WR-MF__76746.1582139995.jpg</filename>
	<path>C:\Users\Andrew\Downloads\USF_logos_main_photos\30317-WR-MF__76746.1582139995.jpg</path>
	<source>
		<database>Unknown</database>
	</source>
	<size>
		<width>728</width>
		<height>728</height>
		<depth>3</depth>
	</size>
	<segmented>0</segmented>
	<object>
		<name>logo</name>
		<pose>Unspecified</pose>
		<truncated>0</truncated>
		<difficult>0</difficult>
		<bndbox>
			<xmin>199</xmin>
			<ymin>131</ymin>
			<xmax>463</xmax>
			<ymax>312</ymax>
		</bndbox>
	</object>
</annotation>
