<annotation>
	<folder>USF_logos_main_photos</folder>
	<filename>354-3549084_soul-drinkers-hub-university-of-south-florida-bulls.jpg</filename>
	<path>C:\Users\Andrew\Downloads\USF_logos_main_photos\354-3549084_soul-drinkers-hub-university-of-south-florida-bulls.jpg</path>
	<source>
		<database>Unknown</database>
	</source>
	<size>
		<width>880</width>
		<height>948</height>
		<depth>3</depth>
	</size>
	<segmented>0</segmented>
	<object>
		<name>logo</name>
		<pose>Unspecified</pose>
		<truncated>0</truncated>
		<difficult>0</difficult>
		<bndbox>
			<xmin>122</xmin>
			<ymin>134</ymin>
			<xmax>810</xmax>
			<ymax>697</ymax>
		</bndbox>
	</object>
</annotation>
