<annotation>
	<folder>USF_logos_main_photos</folder>
	<filename>51-517081_svg-freeuse-bull-clipart-usf-usf-bulls-logo.jpg</filename>
	<path>C:\Users\Andrew\Downloads\USF_logos_main_photos\51-517081_svg-freeuse-bull-clipart-usf-usf-bulls-logo.jpg</path>
	<source>
		<database>Unknown</database>
	</source>
	<size>
		<width>320</width>
		<height>184</height>
		<depth>3</depth>
	</size>
	<segmented>0</segmented>
	<object>
		<name>logo</name>
		<pose>Unspecified</pose>
		<truncated>0</truncated>
		<difficult>0</difficult>
		<bndbox>
			<xmin>2</xmin>
			<ymin>5</ymin>
			<xmax>310</xmax>
			<ymax>183</ymax>
		</bndbox>
	</object>
</annotation>
