<annotation>
	<folder>USF_logos_main_photos</folder>
	<filename>56.jpg</filename>
	<path>C:\Users\Andrew\Downloads\USF_logos_main_photos\56.jpg</path>
	<source>
		<database>Unknown</database>
	</source>
	<size>
		<width>0</width>
		<height>0</height>
		<depth>3</depth>
	</size>
	<segmented>0</segmented>
	<object>
		<name>logo</name>
		<pose>Unspecified</pose>
		<truncated>0</truncated>
		<difficult>0</difficult>
		<bndbox>
			<xmin>8</xmin>
			<ymin>35</ymin>
			<xmax>215</xmax>
			<ymax>201</ymax>
		</bndbox>
	</object>
</annotation>
