<annotation>
	<folder>USF_logos_main_photos</folder>
	<filename>7358145856_f662995b51_b.jpg</filename>
	<path>C:\Users\Andrew\Downloads\USF_logos_main_photos\7358145856_f662995b51_b.jpg</path>
	<source>
		<database>Unknown</database>
	</source>
	<size>
		<width>1023</width>
		<height>575</height>
		<depth>3</depth>
	</size>
	<segmented>0</segmented>
	<object>
		<name>logo</name>
		<pose>Unspecified</pose>
		<truncated>0</truncated>
		<difficult>0</difficult>
		<bndbox>
			<xmin>28</xmin>
			<ymin>66</ymin>
			<xmax>583</xmax>
			<ymax>526</ymax>
		</bndbox>
	</object>
</annotation>
