<annotation>
	<folder>USF_logos_main_photos</folder>
	<filename>8d76dcf5-2ed8-4b42-b643-e20ac6e2915f_1.3d561bea763958b6db6100230249d453.jpg</filename>
	<path>C:\Users\Andrew\Downloads\USF_logos_main_photos\8d76dcf5-2ed8-4b42-b643-e20ac6e2915f_1.3d561bea763958b6db6100230249d453.jpg</path>
	<source>
		<database>Unknown</database>
	</source>
	<size>
		<width>580</width>
		<height>580</height>
		<depth>3</depth>
	</size>
	<segmented>0</segmented>
	<object>
		<name>logo</name>
		<pose>Unspecified</pose>
		<truncated>0</truncated>
		<difficult>0</difficult>
		<bndbox>
			<xmin>119</xmin>
			<ymin>170</ymin>
			<xmax>446</xmax>
			<ymax>414</ymax>
		</bndbox>
	</object>
</annotation>
