<annotation>
	<folder>USF_logos_main_photos</folder>
	<filename>another.jpg</filename>
	<path>C:\Users\Andrew\Downloads\USF_logos_main_photos\another.jpg</path>
	<source>
		<database>Unknown</database>
	</source>
	<size>
		<width>131</width>
		<height>167</height>
		<depth>3</depth>
	</size>
	<segmented>0</segmented>
	<object>
		<name>logo</name>
		<pose>Unspecified</pose>
		<truncated>0</truncated>
		<difficult>0</difficult>
		<bndbox>
			<xmin>6</xmin>
			<ymin>43</ymin>
			<xmax>107</xmax>
			<ymax>128</ymax>
		</bndbox>
	</object>
</annotation>
