<annotation>
	<folder>USF_logos_main_photos</folder>
	<filename>archives-soflobulls-blog-by-matthew-manuri.jpg</filename>
	<path>C:\Users\Andrew\Downloads\USF_logos_main_photos\archives-soflobulls-blog-by-matthew-manuri.jpg</path>
	<source>
		<database>Unknown</database>
	</source>
	<size>
		<width>946</width>
		<height>767</height>
		<depth>3</depth>
	</size>
	<segmented>0</segmented>
	<object>
		<name>logo</name>
		<pose>Unspecified</pose>
		<truncated>0</truncated>
		<difficult>0</difficult>
		<bndbox>
			<xmin>13</xmin>
			<ymin>15</ymin>
			<xmax>913</xmax>
			<ymax>728</ymax>
		</bndbox>
	</object>
</annotation>
