<annotation>
	<folder>USF_logos_main_photos</folder>
	<filename>custom-gold-usf-bulls-logo-1024x870.jpg</filename>
	<path>C:\Users\Andrew\Downloads\USF_logos_main_photos\custom-gold-usf-bulls-logo-1024x870.jpg</path>
	<source>
		<database>Unknown</database>
	</source>
	<size>
		<width>1024</width>
		<height>870</height>
		<depth>3</depth>
	</size>
	<segmented>0</segmented>
	<object>
		<name>logo</name>
		<pose>Unspecified</pose>
		<truncated>0</truncated>
		<difficult>0</difficult>
		<bndbox>
			<xmin>9</xmin>
			<ymin>37</ymin>
			<xmax>1000</xmax>
			<ymax>827</ymax>
		</bndbox>
	</object>
</annotation>
