<annotation>
	<folder>USF_logos_main_photos</folder>
	<filename>download (1).jpg</filename>
	<path>C:\Users\Andrew\Downloads\USF_logos_main_photos\download (1).jpg</path>
	<source>
		<database>Unknown</database>
	</source>
	<size>
		<width>252</width>
		<height>252</height>
		<depth>3</depth>
	</size>
	<segmented>0</segmented>
	<object>
		<name>logo</name>
		<pose>Unspecified</pose>
		<truncated>0</truncated>
		<difficult>0</difficult>
		<bndbox>
			<xmin>76</xmin>
			<ymin>59</ymin>
			<xmax>160</xmax>
			<ymax>131</ymax>
		</bndbox>
	</object>
</annotation>
