<annotation>
	<folder>USF_logos_main_photos</folder>
	<filename>download (2).jpg</filename>
	<path>C:\Users\Andrew\Downloads\USF_logos_main_photos\download (2).jpg</path>
	<source>
		<database>Unknown</database>
	</source>
	<size>
		<width>259</width>
		<height>194</height>
		<depth>3</depth>
	</size>
	<segmented>0</segmented>
	<object>
		<name>logo</name>
		<pose>Unspecified</pose>
		<truncated>0</truncated>
		<difficult>0</difficult>
		<bndbox>
			<xmin>58</xmin>
			<ymin>57</ymin>
			<xmax>187</xmax>
			<ymax>142</ymax>
		</bndbox>
	</object>
</annotation>
