<annotation>
	<folder>USF_logos_main_photos</folder>
	<filename>download (5).jpg</filename>
	<path>C:\Users\Andrew\Downloads\USF_logos_main_photos\download (5).jpg</path>
	<source>
		<database>Unknown</database>
	</source>
	<size>
		<width>208</width>
		<height>180</height>
		<depth>3</depth>
	</size>
	<segmented>0</segmented>
	<object>
		<name>logo</name>
		<pose>Unspecified</pose>
		<truncated>0</truncated>
		<difficult>0</difficult>
		<bndbox>
			<xmin>39</xmin>
			<ymin>52</ymin>
			<xmax>156</xmax>
			<ymax>139</ymax>
		</bndbox>
	</object>
</annotation>
