<annotation>
	<folder>USF_logos_main_photos</folder>
	<filename>e9537bd876384813d452d4cd4a2082d8.jpg</filename>
	<path>C:\Users\Andrew\Downloads\USF_logos_main_photos\e9537bd876384813d452d4cd4a2082d8.jpg</path>
	<source>
		<database>Unknown</database>
	</source>
	<size>
		<width>3376</width>
		<height>1586</height>
		<depth>3</depth>
	</size>
	<segmented>0</segmented>
	<object>
		<name>logo</name>
		<pose>Unspecified</pose>
		<truncated>0</truncated>
		<difficult>0</difficult>
		<bndbox>
			<xmin>14</xmin>
			<ymin>33</ymin>
			<xmax>1905</xmax>
			<ymax>1545</ymax>
		</bndbox>
	</object>
</annotation>
