<annotation>
	<folder>USF_logos_main_photos</folder>
	<filename>g4UMl1.jpg</filename>
	<path>C:\Users\Andrew\Downloads\USF_logos_main_photos\g4UMl1.jpg</path>
	<source>
		<database>Unknown</database>
	</source>
	<size>
		<width>1000</width>
		<height>807</height>
		<depth>3</depth>
	</size>
	<segmented>0</segmented>
	<object>
		<name>logo</name>
		<pose>Unspecified</pose>
		<truncated>0</truncated>
		<difficult>0</difficult>
		<bndbox>
			<xmin>3</xmin>
			<ymin>7</ymin>
			<xmax>993</xmax>
			<ymax>806</ymax>
		</bndbox>
	</object>
</annotation>
