<annotation>
	<folder>USF_logos_main_photos</folder>
	<filename>HD-wallpaper-usf-logo-bulls-university-of-south-florida.jpg</filename>
	<path>C:\Users\Andrew\Downloads\USF_logos_main_photos\HD-wallpaper-usf-logo-bulls-university-of-south-florida.jpg</path>
	<source>
		<database>Unknown</database>
	</source>
	<size>
		<width>800</width>
		<height>600</height>
		<depth>3</depth>
	</size>
	<segmented>0</segmented>
	<object>
		<name>logo</name>
		<pose>Unspecified</pose>
		<truncated>0</truncated>
		<difficult>0</difficult>
		<bndbox>
			<xmin>194</xmin>
			<ymin>166</ymin>
			<xmax>576</xmax>
			<ymax>462</ymax>
		</bndbox>
	</object>
</annotation>
