<annotation>
	<folder>USF_logos_main_photos</folder>
	<filename>i65mages.jpg</filename>
	<path>C:\Users\Andrew\Downloads\USF_logos_main_photos\i65mages.jpg</path>
	<source>
		<database>Unknown</database>
	</source>
	<size>
		<width>0</width>
		<height>0</height>
		<depth>3</depth>
	</size>
	<segmented>0</segmented>
	<object>
		<name>logo</name>
		<pose>Unspecified</pose>
		<truncated>1</truncated>
		<difficult>0</difficult>
		<bndbox>
			<xmin>35</xmin>
			<ymin>1</ymin>
			<xmax>193</xmax>
			<ymax>110</ymax>
		</bndbox>
	</object>
</annotation>
