<annotation>
	<folder>USF_logos_main_photos</folder>
	<filename>images (11).jpg</filename>
	<path>C:\Users\Andrew\Downloads\USF_logos_main_photos\images (11).jpg</path>
	<source>
		<database>Unknown</database>
	</source>
	<size>
		<width>194</width>
		<height>259</height>
		<depth>3</depth>
	</size>
	<segmented>0</segmented>
	<object>
		<name>logo</name>
		<pose>Unspecified</pose>
		<truncated>0</truncated>
		<difficult>0</difficult>
		<bndbox>
			<xmin>39</xmin>
			<ymin>60</ymin>
			<xmax>180</xmax>
			<ymax>185</ymax>
		</bndbox>
	</object>
</annotation>
