<annotation>
	<folder>USF_logos_main_photos</folder>
	<filename>images (47).jpg</filename>
	<path>C:\Users\Andrew\Downloads\USF_logos_main_photos\images (47).jpg</path>
	<source>
		<database>Unknown</database>
	</source>
	<size>
		<width>298</width>
		<height>169</height>
		<depth>3</depth>
	</size>
	<segmented>0</segmented>
	<object>
		<name>logo</name>
		<pose>Unspecified</pose>
		<truncated>0</truncated>
		<difficult>0</difficult>
		<bndbox>
			<xmin>60</xmin>
			<ymin>31</ymin>
			<xmax>153</xmax>
			<ymax>109</ymax>
		</bndbox>
	</object>
</annotation>
