<annotation>
	<folder>USF_logos_main_photos</folder>
	<filename>images (25).jpg</filename>
	<path>C:\Users\Andrew\Downloads\USF_logos_main_photos\images (25).jpg</path>
	<source>
		<database>Unknown</database>
	</source>
	<size>
		<width>249</width>
		<height>202</height>
		<depth>3</depth>
	</size>
	<segmented>0</segmented>
	<object>
		<name>logo</name>
		<pose>Unspecified</pose>
		<truncated>1</truncated>
		<difficult>0</difficult>
		<bndbox>
			<xmin>1</xmin>
			<ymin>4</ymin>
			<xmax>238</xmax>
			<ymax>193</ymax>
		</bndbox>
	</object>
</annotation>
