<annotation>
	<folder>USF_logos_main_photos</folder>
	<filename>images (9).jpg</filename>
	<path>C:\Users\Andrew\Downloads\USF_logos_main_photos\images (9).jpg</path>
	<source>
		<database>Unknown</database>
	</source>
	<size>
		<width>300</width>
		<height>168</height>
		<depth>3</depth>
	</size>
	<segmented>0</segmented>
	<object>
		<name>logo</name>
		<pose>Unspecified</pose>
		<truncated>0</truncated>
		<difficult>0</difficult>
		<bndbox>
			<xmin>101</xmin>
			<ymin>45</ymin>
			<xmax>210</xmax>
			<ymax>127</ymax>
		</bndbox>
	</object>
</annotation>
