<annotation>
	<folder>USF_logos_main_photos</folder>
	<filename>images (8).jpg</filename>
	<path>C:\Users\Andrew\Downloads\USF_logos_main_photos\images (8).jpg</path>
	<source>
		<database>Unknown</database>
	</source>
	<size>
		<width>225</width>
		<height>225</height>
		<depth>3</depth>
	</size>
	<segmented>0</segmented>
	<object>
		<name>logo</name>
		<pose>Unspecified</pose>
		<truncated>0</truncated>
		<difficult>0</difficult>
		<bndbox>
			<xmin>59</xmin>
			<ymin>51</ymin>
			<xmax>146</xmax>
			<ymax>123</ymax>
		</bndbox>
	</object>
</annotation>
