<annotation>
	<folder>USF_logos_main_photos</folder>
	<filename>images (6).jpg</filename>
	<path>C:\Users\Andrew\Downloads\USF_logos_main_photos\images (6).jpg</path>
	<source>
		<database>Unknown</database>
	</source>
	<size>
		<width>284</width>
		<height>177</height>
		<depth>3</depth>
	</size>
	<segmented>0</segmented>
	<object>
		<name>logo</name>
		<pose>Unspecified</pose>
		<truncated>0</truncated>
		<difficult>0</difficult>
		<bndbox>
			<xmin>106</xmin>
			<ymin>61</ymin>
			<xmax>181</xmax>
			<ymax>126</ymax>
		</bndbox>
	</object>
</annotation>
