<annotation>
	<folder>USF_logos_main_photos</folder>
	<filename>imagges.jpg</filename>
	<path>C:\Users\Andrew\Downloads\USF_logos_main_photos\imagges.jpg</path>
	<source>
		<database>Unknown</database>
	</source>
	<size>
		<width>0</width>
		<height>0</height>
		<depth>3</depth>
	</size>
	<segmented>0</segmented>
	<object>
		<name>logo</name>
		<pose>Unspecified</pose>
		<truncated>0</truncated>
		<difficult>0</difficult>
		<bndbox>
			<xmin>4</xmin>
			<ymin>28</ymin>
			<xmax>198</xmax>
			<ymax>177</ymax>
		</bndbox>
	</object>
</annotation>
