<annotation>
	<folder>USF_logos_main_photos</folder>
	<filename>images (37).jpg</filename>
	<path>C:\Users\Andrew\Downloads\USF_logos_main_photos\images (37).jpg</path>
	<source>
		<database>Unknown</database>
	</source>
	<size>
		<width>252</width>
		<height>200</height>
		<depth>3</depth>
	</size>
	<segmented>0</segmented>
	<object>
		<name>logo</name>
		<pose>Unspecified</pose>
		<truncated>0</truncated>
		<difficult>0</difficult>
		<bndbox>
			<xmin>26</xmin>
			<ymin>11</ymin>
			<xmax>228</xmax>
			<ymax>181</ymax>
		</bndbox>
	</object>
</annotation>
