<annotation>
	<folder>USF_logos_main_photos</folder>
	<filename>images (40).jpg</filename>
	<path>C:\Users\Andrew\Downloads\USF_logos_main_photos\images (40).jpg</path>
	<source>
		<database>Unknown</database>
	</source>
	<size>
		<width>252</width>
		<height>200</height>
		<depth>3</depth>
	</size>
	<segmented>0</segmented>
	<object>
		<name>logo</name>
		<pose>Unspecified</pose>
		<truncated>0</truncated>
		<difficult>0</difficult>
		<bndbox>
			<xmin>12</xmin>
			<ymin>2</ymin>
			<xmax>242</xmax>
			<ymax>193</ymax>
		</bndbox>
	</object>
</annotation>
