<annotation>
	<folder>USF_logos_main_photos</folder>
	<filename>images (27).jpg</filename>
	<path>C:\Users\Andrew\Downloads\USF_logos_main_photos\images (27).jpg</path>
	<source>
		<database>Unknown</database>
	</source>
	<size>
		<width>198</width>
		<height>255</height>
		<depth>3</depth>
	</size>
	<segmented>0</segmented>
	<object>
		<name>logo</name>
		<pose>Unspecified</pose>
		<truncated>0</truncated>
		<difficult>0</difficult>
		<bndbox>
			<xmin>50</xmin>
			<ymin>61</ymin>
			<xmax>126</xmax>
			<ymax>123</ymax>
		</bndbox>
	</object>
</annotation>
