<annotation>
	<folder>USF_logos_main_photos</folder>
	<filename>images (5).jpg</filename>
	<path>C:\Users\Andrew\Downloads\USF_logos_main_photos\images (5).jpg</path>
	<source>
		<database>Unknown</database>
	</source>
	<size>
		<width>195</width>
		<height>259</height>
		<depth>3</depth>
	</size>
	<segmented>0</segmented>
	<object>
		<name>logo</name>
		<pose>Unspecified</pose>
		<truncated>0</truncated>
		<difficult>0</difficult>
		<bndbox>
			<xmin>74</xmin>
			<ymin>112</ymin>
			<xmax>122</xmax>
			<ymax>147</ymax>
		</bndbox>
	</object>
</annotation>
