<annotation>
	<folder>USF_logos_main_photos</folder>
	<filename>images (24).jpg</filename>
	<path>C:\Users\Andrew\Downloads\USF_logos_main_photos\images (24).jpg</path>
	<source>
		<database>Unknown</database>
	</source>
	<size>
		<width>310</width>
		<height>163</height>
		<depth>3</depth>
	</size>
	<segmented>0</segmented>
	<object>
		<name>logo</name>
		<pose>Unspecified</pose>
		<truncated>0</truncated>
		<difficult>0</difficult>
		<bndbox>
			<xmin>114</xmin>
			<ymin>51</ymin>
			<xmax>194</xmax>
			<ymax>116</ymax>
		</bndbox>
	</object>
</annotation>
