<annotation>
	<folder>USF_logos_main_photos</folder>
	<filename>images (28).jpg</filename>
	<path>C:\Users\Andrew\Downloads\USF_logos_main_photos\images (28).jpg</path>
	<source>
		<database>Unknown</database>
	</source>
	<size>
		<width>300</width>
		<height>168</height>
		<depth>3</depth>
	</size>
	<segmented>0</segmented>
	<object>
		<name>logo</name>
		<pose>Unspecified</pose>
		<truncated>1</truncated>
		<difficult>0</difficult>
		<bndbox>
			<xmin>27</xmin>
			<ymin>1</ymin>
			<xmax>255</xmax>
			<ymax>167</ymax>
		</bndbox>
	</object>
</annotation>
