<annotation>
	<folder>USF_logos_main_photos</folder>
	<filename>images (18).jpg</filename>
	<path>C:\Users\Andrew\Downloads\USF_logos_main_photos\images (18).jpg</path>
	<source>
		<database>Unknown</database>
	</source>
	<size>
		<width>275</width>
		<height>183</height>
		<depth>3</depth>
	</size>
	<segmented>0</segmented>
	<object>
		<name>logo</name>
		<pose>Unspecified</pose>
		<truncated>0</truncated>
		<difficult>0</difficult>
		<bndbox>
			<xmin>35</xmin>
			<ymin>32</ymin>
			<xmax>241</xmax>
			<ymax>181</ymax>
		</bndbox>
	</object>
</annotation>
