<annotation>
	<folder>USF_logos_main_photos</folder>
	<filename>images (22).jpg</filename>
	<path>C:\Users\Andrew\Downloads\USF_logos_main_photos\images (22).jpg</path>
	<source>
		<database>Unknown</database>
	</source>
	<size>
		<width>311</width>
		<height>162</height>
		<depth>3</depth>
	</size>
	<segmented>0</segmented>
	<object>
		<name>logo</name>
		<pose>Unspecified</pose>
		<truncated>0</truncated>
		<difficult>0</difficult>
		<bndbox>
			<xmin>7</xmin>
			<ymin>5</ymin>
			<xmax>146</xmax>
			<ymax>105</ymax>
		</bndbox>
	</object>
</annotation>
