<annotation>
	<folder>USF_logos_main_photos</folder>
	<filename>imagedfgs.jpg</filename>
	<path>C:\Users\Andrew\Downloads\USF_logos_main_photos\imagedfgs.jpg</path>
	<source>
		<database>Unknown</database>
	</source>
	<size>
		<width>0</width>
		<height>0</height>
		<depth>3</depth>
	</size>
	<segmented>0</segmented>
	<object>
		<name>logo</name>
		<pose>Unspecified</pose>
		<truncated>0</truncated>
		<difficult>0</difficult>
		<bndbox>
			<xmin>2</xmin>
			<ymin>17</ymin>
			<xmax>86</xmax>
			<ymax>84</ymax>
		</bndbox>
	</object>
</annotation>
