<annotation>
	<folder>USF_logos_main_photos</folder>
	<filename>images (46).jpg</filename>
	<path>C:\Users\Andrew\Downloads\USF_logos_main_photos\images (46).jpg</path>
	<source>
		<database>Unknown</database>
	</source>
	<size>
		<width>245</width>
		<height>206</height>
		<depth>3</depth>
	</size>
	<segmented>0</segmented>
	<object>
		<name>logo</name>
		<pose>Unspecified</pose>
		<truncated>0</truncated>
		<difficult>0</difficult>
		<bndbox>
			<xmin>10</xmin>
			<ymin>15</ymin>
			<xmax>235</xmax>
			<ymax>197</ymax>
		</bndbox>
	</object>
</annotation>
