<annotation>
	<folder>USF_logos_main_photos</folder>
	<filename>IMG_20131029_083251__62295.1454344671.1280.1280.jpg</filename>
	<path>C:\Users\Andrew\Downloads\USF_logos_main_photos\IMG_20131029_083251__62295.1454344671.1280.1280.jpg</path>
	<source>
		<database>Unknown</database>
	</source>
	<size>
		<width>679</width>
		<height>526</height>
		<depth>3</depth>
	</size>
	<segmented>0</segmented>
	<object>
		<name>logo</name>
		<pose>Unspecified</pose>
		<truncated>0</truncated>
		<difficult>0</difficult>
		<bndbox>
			<xmin>19</xmin>
			<ymin>13</ymin>
			<xmax>674</xmax>
			<ymax>511</ymax>
		</bndbox>
	</object>
</annotation>
