<annotation>
	<folder>USF_logos_main_photos</folder>
	<filename>InfantTee_480x480.jpg</filename>
	<path>C:\Users\Andrew\Downloads\USF_logos_main_photos\InfantTee_480x480.jpg</path>
	<source>
		<database>Unknown</database>
	</source>
	<size>
		<width>430</width>
		<height>480</height>
		<depth>3</depth>
	</size>
	<segmented>0</segmented>
	<object>
		<name>logo</name>
		<pose>Unspecified</pose>
		<truncated>0</truncated>
		<difficult>0</difficult>
		<bndbox>
			<xmin>172</xmin>
			<ymin>160</ymin>
			<xmax>287</xmax>
			<ymax>250</ymax>
		</bndbox>
	</object>
</annotation>
