<annotation>
	<folder>USF_logos_main_photos</folder>
	<filename>logo-usf-bulls.jpg</filename>
	<path>C:\Users\Andrew\Downloads\USF_logos_main_photos\logo-usf-bulls.jpg</path>
	<source>
		<database>Unknown</database>
	</source>
	<size>
		<width>720</width>
		<height>486</height>
		<depth>3</depth>
	</size>
	<segmented>0</segmented>
	<object>
		<name>logo</name>
		<pose>Unspecified</pose>
		<truncated>0</truncated>
		<difficult>0</difficult>
		<bndbox>
			<xmin>209</xmin>
			<ymin>101</ymin>
			<xmax>510</xmax>
			<ymax>385</ymax>
		</bndbox>
	</object>
</annotation>
