<annotation>
	<folder>USF_logos_main_photos</folder>
	<filename>luG_ujeQ_400x400.jpg</filename>
	<path>C:\Users\Andrew\Downloads\USF_logos_main_photos\luG_ujeQ_400x400.jpg</path>
	<source>
		<database>Unknown</database>
	</source>
	<size>
		<width>400</width>
		<height>400</height>
		<depth>3</depth>
	</size>
	<segmented>0</segmented>
	<object>
		<name>logo</name>
		<pose>Unspecified</pose>
		<truncated>0</truncated>
		<difficult>0</difficult>
		<bndbox>
			<xmin>109</xmin>
			<ymin>121</ymin>
			<xmax>300</xmax>
			<ymax>279</ymax>
		</bndbox>
	</object>
</annotation>
