<annotation>
	<folder>USF_logos_main_photos</folder>
	<filename>NCAA-AAC-USF_Bulls_Gold_Helmet-white_logo_trim.jpg</filename>
	<path>C:\Users\Andrew\Downloads\USF_logos_main_photos\NCAA-AAC-USF_Bulls_Gold_Helmet-white_logo_trim.jpg</path>
	<source>
		<database>Unknown</database>
	</source>
	<size>
		<width>0</width>
		<height>0</height>
		<depth>3</depth>
	</size>
	<segmented>0</segmented>
	<object>
		<name>logo</name>
		<pose>Unspecified</pose>
		<truncated>0</truncated>
		<difficult>0</difficult>
		<bndbox>
			<xmin>42</xmin>
			<ymin>84</ymin>
			<xmax>348</xmax>
			<ymax>397</ymax>
		</bndbox>
	</object>
</annotation>
