<annotation>
	<folder>USF_logos_main_photos</folder>
	<filename>OIP (18).jpg</filename>
	<path>C:\Users\Andrew\Downloads\USF_logos_main_photos\OIP (18).jpg</path>
	<source>
		<database>Unknown</database>
	</source>
	<size>
		<width>296</width>
		<height>180</height>
		<depth>3</depth>
	</size>
	<segmented>0</segmented>
	<object>
		<name>logo</name>
		<pose>Unspecified</pose>
		<truncated>0</truncated>
		<difficult>0</difficult>
		<bndbox>
			<xmin>84</xmin>
			<ymin>44</ymin>
			<xmax>202</xmax>
			<ymax>137</ymax>
		</bndbox>
	</object>
</annotation>
