<annotation>
	<folder>USF_logos_main_photos</folder>
	<filename>OIP (13).jpg</filename>
	<path>C:\Users\Andrew\Downloads\USF_logos_main_photos\OIP (13).jpg</path>
	<source>
		<database>Unknown</database>
	</source>
	<size>
		<width>201</width>
		<height>159</height>
		<depth>3</depth>
	</size>
	<segmented>0</segmented>
	<object>
		<name>logo</name>
		<pose>Unspecified</pose>
		<truncated>0</truncated>
		<difficult>0</difficult>
		<bndbox>
			<xmin>3</xmin>
			<ymin>36</ymin>
			<xmax>122</xmax>
			<ymax>135</ymax>
		</bndbox>
	</object>
</annotation>
