<annotation>
	<folder>USF_logos_main_photos</folder>
	<filename>OIP (41).jpg</filename>
	<path>C:\Users\Andrew\Downloads\USF_logos_main_photos\OIP (41).jpg</path>
	<source>
		<database>Unknown</database>
	</source>
	<size>
		<width>323</width>
		<height>78</height>
		<depth>3</depth>
	</size>
	<segmented>0</segmented>
	<object>
		<name>logo</name>
		<pose>Unspecified</pose>
		<truncated>0</truncated>
		<difficult>0</difficult>
		<bndbox>
			<xmin>22</xmin>
			<ymin>16</ymin>
			<xmax>80</xmax>
			<ymax>64</ymax>
		</bndbox>
	</object>
</annotation>
