<annotation>
	<folder>USF_logos_main_photos</folder>
	<filename>OIP (24).jpg</filename>
	<path>C:\Users\Andrew\Downloads\USF_logos_main_photos\OIP (24).jpg</path>
	<source>
		<database>Unknown</database>
	</source>
	<size>
		<width>151</width>
		<height>155</height>
		<depth>3</depth>
	</size>
	<segmented>0</segmented>
	<object>
		<name>logo</name>
		<pose>Unspecified</pose>
		<truncated>0</truncated>
		<difficult>0</difficult>
		<bndbox>
			<xmin>20</xmin>
			<ymin>7</ymin>
			<xmax>131</xmax>
			<ymax>98</ymax>
		</bndbox>
	</object>
	<object>
		<name>logo</name>
		<pose>Unspecified</pose>
		<truncated>0</truncated>
		<difficult>0</difficult>
		<bndbox>
			<xmin>85</xmin>
			<ymin>119</ymin>
			<xmax>112</xmax>
			<ymax>142</ymax>
		</bndbox>
	</object>
</annotation>
