<annotation>
	<folder>USF_logos_main_photos</folder>
	<filename>OIP (31).jpg</filename>
	<path>C:\Users\Andrew\Downloads\USF_logos_main_photos\OIP (31).jpg</path>
	<source>
		<database>Unknown</database>
	</source>
	<size>
		<width>226</width>
		<height>150</height>
		<depth>3</depth>
	</size>
	<segmented>0</segmented>
	<object>
		<name>logo</name>
		<pose>Unspecified</pose>
		<truncated>1</truncated>
		<difficult>0</difficult>
		<bndbox>
			<xmin>1</xmin>
			<ymin>1</ymin>
			<xmax>206</xmax>
			<ymax>147</ymax>
		</bndbox>
	</object>
</annotation>
