<annotation>
	<folder>USF_logos_main_photos</folder>
	<filename>OIP (19).jpg</filename>
	<path>C:\Users\Andrew\Downloads\USF_logos_main_photos\OIP (19).jpg</path>
	<source>
		<database>Unknown</database>
	</source>
	<size>
		<width>256</width>
		<height>180</height>
		<depth>3</depth>
	</size>
	<segmented>0</segmented>
	<object>
		<name>logo</name>
		<pose>Unspecified</pose>
		<truncated>0</truncated>
		<difficult>0</difficult>
		<bndbox>
			<xmin>60</xmin>
			<ymin>33</ymin>
			<xmax>200</xmax>
			<ymax>149</ymax>
		</bndbox>
	</object>
</annotation>
