<annotation>
	<folder>USF_logos_main_photos</folder>
	<filename>OIP (27).jpg</filename>
	<path>C:\Users\Andrew\Downloads\USF_logos_main_photos\OIP (27).jpg</path>
	<source>
		<database>Unknown</database>
	</source>
	<size>
		<width>239</width>
		<height>169</height>
		<depth>1</depth>
	</size>
	<segmented>0</segmented>
	<object>
		<name>logo</name>
		<pose>Unspecified</pose>
		<truncated>1</truncated>
		<difficult>0</difficult>
		<bndbox>
			<xmin>7</xmin>
			<ymin>1</ymin>
			<xmax>229</xmax>
			<ymax>169</ymax>
		</bndbox>
	</object>
</annotation>
