<annotation>
	<folder>USF_logos_main_photos</folder>
	<filename>OIP (5).jpg</filename>
	<path>C:\Users\Andrew\Downloads\USF_logos_main_photos\OIP (5).jpg</path>
	<source>
		<database>Unknown</database>
	</source>
	<size>
		<width>190</width>
		<height>180</height>
		<depth>3</depth>
	</size>
	<segmented>0</segmented>
	<object>
		<name>logo</name>
		<pose>Unspecified</pose>
		<truncated>1</truncated>
		<difficult>0</difficult>
		<bndbox>
			<xmin>2</xmin>
			<ymin>1</ymin>
			<xmax>190</xmax>
			<ymax>171</ymax>
		</bndbox>
	</object>
</annotation>
