<annotation>
	<folder>USF_logos_main_photos</folder>
	<filename>OIP (52).jpg</filename>
	<path>C:\Users\Andrew\Downloads\USF_logos_main_photos\OIP (52).jpg</path>
	<source>
		<database>Unknown</database>
	</source>
	<size>
		<width>192</width>
		<height>176</height>
		<depth>3</depth>
	</size>
	<segmented>0</segmented>
	<object>
		<name>logo</name>
		<pose>Unspecified</pose>
		<truncated>0</truncated>
		<difficult>0</difficult>
		<bndbox>
			<xmin>35</xmin>
			<ymin>43</ymin>
			<xmax>149</xmax>
			<ymax>135</ymax>
		</bndbox>
	</object>
</annotation>
