<annotation>
	<folder>USF_logos_main_photos</folder>
	<filename>OIP (35).jpg</filename>
	<path>C:\Users\Andrew\Downloads\USF_logos_main_photos\OIP (35).jpg</path>
	<source>
		<database>Unknown</database>
	</source>
	<size>
		<width>180</width>
		<height>180</height>
		<depth>3</depth>
	</size>
	<segmented>0</segmented>
	<object>
		<name>logo</name>
		<pose>Unspecified</pose>
		<truncated>0</truncated>
		<difficult>0</difficult>
		<bndbox>
			<xmin>57</xmin>
			<ymin>45</ymin>
			<xmax>130</xmax>
			<ymax>104</ymax>
		</bndbox>
	</object>
</annotation>
