<annotation>
	<folder>USF_logos_main_photos</folder>
	<filename>OIP (1).jpg</filename>
	<path>C:\Users\Andrew\Downloads\USF_logos_main_photos\OIP (1).jpg</path>
	<source>
		<database>Unknown</database>
	</source>
	<size>
		<width>293</width>
		<height>180</height>
		<depth>3</depth>
	</size>
	<segmented>0</segmented>
	<object>
		<name>logo</name>
		<pose>Unspecified</pose>
		<truncated>0</truncated>
		<difficult>0</difficult>
		<bndbox>
			<xmin>48</xmin>
			<ymin>2</ymin>
			<xmax>267</xmax>
			<ymax>177</ymax>
		</bndbox>
	</object>
</annotation>
