<annotation>
	<folder>USF_logos_main_photos</folder>
	<filename>OIP (33).jpg</filename>
	<path>C:\Users\Andrew\Downloads\USF_logos_main_photos\OIP (33).jpg</path>
	<source>
		<database>Unknown</database>
	</source>
	<size>
		<width>173</width>
		<height>180</height>
		<depth>1</depth>
	</size>
	<segmented>0</segmented>
	<object>
		<name>logo</name>
		<pose>Unspecified</pose>
		<truncated>0</truncated>
		<difficult>0</difficult>
		<bndbox>
			<xmin>20</xmin>
			<ymin>36</ymin>
			<xmax>155</xmax>
			<ymax>144</ymax>
		</bndbox>
	</object>
</annotation>
