<annotation>
	<folder>USF_logos_main_photos</folder>
	<filename>OIP (29).jpg</filename>
	<path>C:\Users\Andrew\Downloads\USF_logos_main_photos\OIP (29).jpg</path>
	<source>
		<database>Unknown</database>
	</source>
	<size>
		<width>233</width>
		<height>180</height>
		<depth>3</depth>
	</size>
	<segmented>0</segmented>
	<object>
		<name>logo</name>
		<pose>Unspecified</pose>
		<truncated>0</truncated>
		<difficult>0</difficult>
		<bndbox>
			<xmin>42</xmin>
			<ymin>34</ymin>
			<xmax>203</xmax>
			<ymax>153</ymax>
		</bndbox>
	</object>
	<object>
		<name>logo</name>
		<pose>Unspecified</pose>
		<truncated>0</truncated>
		<difficult>0</difficult>
		<bndbox>
			<xmin>3</xmin>
			<ymin>2</ymin>
			<xmax>27</xmax>
			<ymax>22</ymax>
		</bndbox>
	</object>
	<object>
		<name>logo</name>
		<pose>Unspecified</pose>
		<truncated>0</truncated>
		<difficult>0</difficult>
		<bndbox>
			<xmin>45</xmin>
			<ymin>2</ymin>
			<xmax>69</xmax>
			<ymax>22</ymax>
		</bndbox>
	</object>
	<object>
		<name>logo</name>
		<pose>Unspecified</pose>
		<truncated>1</truncated>
		<difficult>0</difficult>
		<bndbox>
			<xmin>1</xmin>
			<ymin>26</ymin>
			<xmax>12</xmax>
			<ymax>38</ymax>
		</bndbox>
	</object>
	<object>
		<name>logo</name>
		<pose>Unspecified</pose>
		<truncated>0</truncated>
		<difficult>0</difficult>
		<bndbox>
			<xmin>35</xmin>
			<ymin>25</ymin>
			<xmax>56</xmax>
			<ymax>44</ymax>
		</bndbox>
	</object>
	<object>
		<name>logo</name>
		<pose>Unspecified</pose>
		<truncated>1</truncated>
		<difficult>0</difficult>
		<bndbox>
			<xmin>182</xmin>
			<ymin>1</ymin>
			<xmax>202</xmax>
			<ymax>23</ymax>
		</bndbox>
	</object>
	<object>
		<name>logo</name>
		<pose>Unspecified</pose>
		<truncated>1</truncated>
		<difficult>0</difficult>
		<bndbox>
			<xmin>214</xmin>
			<ymin>26</ymin>
			<xmax>233</xmax>
			<ymax>45</ymax>
		</bndbox>
	</object>
	<object>
		<name>logo</name>
		<pose>Unspecified</pose>
		<truncated>0</truncated>
		<difficult>0</difficult>
		<bndbox>
			<xmin>2</xmin>
			<ymin>51</ymin>
			<xmax>27</xmax>
			<ymax>70</ymax>
		</bndbox>
	</object>
	<object>
		<name>logo</name>
		<pose>Unspecified</pose>
		<truncated>0</truncated>
		<difficult>0</difficult>
		<bndbox>
			<xmin>4</xmin>
			<ymin>102</ymin>
			<xmax>25</xmax>
			<ymax>118</ymax>
		</bndbox>
	</object>
	<object>
		<name>logo</name>
		<pose>Unspecified</pose>
		<truncated>0</truncated>
		<difficult>0</difficult>
		<bndbox>
			<xmin>5</xmin>
			<ymin>147</ymin>
			<xmax>28</xmax>
			<ymax>169</ymax>
		</bndbox>
	</object>
	<object>
		<name>logo</name>
		<pose>Unspecified</pose>
		<truncated>0</truncated>
		<difficult>0</difficult>
		<bndbox>
			<xmin>37</xmin>
			<ymin>125</ymin>
			<xmax>55</xmax>
			<ymax>143</ymax>
		</bndbox>
	</object>
	<object>
		<name>logo</name>
		<pose>Unspecified</pose>
		<truncated>0</truncated>
		<difficult>0</difficult>
		<bndbox>
			<xmin>45</xmin>
			<ymin>148</ymin>
			<xmax>64</xmax>
			<ymax>170</ymax>
		</bndbox>
	</object>
	<object>
		<name>logo</name>
		<pose>Unspecified</pose>
		<truncated>0</truncated>
		<difficult>0</difficult>
		<bndbox>
			<xmin>167</xmin>
			<ymin>120</ymin>
			<xmax>189</xmax>
			<ymax>144</ymax>
		</bndbox>
	</object>
	<object>
		<name>logo</name>
		<pose>Unspecified</pose>
		<truncated>0</truncated>
		<difficult>0</difficult>
		<bndbox>
			<xmin>182</xmin>
			<ymin>100</ymin>
			<xmax>202</xmax>
			<ymax>122</ymax>
		</bndbox>
	</object>
	<object>
		<name>logo</name>
		<pose>Unspecified</pose>
		<truncated>0</truncated>
		<difficult>0</difficult>
		<bndbox>
			<xmin>211</xmin>
			<ymin>73</ymin>
			<xmax>231</xmax>
			<ymax>95</ymax>
		</bndbox>
	</object>
	<object>
		<name>logo</name>
		<pose>Unspecified</pose>
		<truncated>0</truncated>
		<difficult>0</difficult>
		<bndbox>
			<xmin>210</xmin>
			<ymin>120</ymin>
			<xmax>232</xmax>
			<ymax>144</ymax>
		</bndbox>
	</object>
	<object>
		<name>logo</name>
		<pose>Unspecified</pose>
		<truncated>0</truncated>
		<difficult>0</difficult>
		<bndbox>
			<xmin>179</xmin>
			<ymin>149</ymin>
			<xmax>205</xmax>
			<ymax>170</ymax>
		</bndbox>
	</object>
	<object>
		<name>logo</name>
		<pose>Unspecified</pose>
		<truncated>0</truncated>
		<difficult>0</difficult>
		<bndbox>
			<xmin>166</xmin>
			<ymin>23</ymin>
			<xmax>188</xmax>
			<ymax>50</ymax>
		</bndbox>
	</object>
</annotation>
