<annotation>
	<folder>USF_logos_main_photos</folder>
	<filename>OIP (38).jpg</filename>
	<path>C:\Users\Andrew\Downloads\USF_logos_main_photos\OIP (38).jpg</path>
	<source>
		<database>Unknown</database>
	</source>
	<size>
		<width>184</width>
		<height>184</height>
		<depth>1</depth>
	</size>
	<segmented>0</segmented>
	<object>
		<name>logo</name>
		<pose>Unspecified</pose>
		<truncated>0</truncated>
		<difficult>0</difficult>
		<bndbox>
			<xmin>29</xmin>
			<ymin>23</ymin>
			<xmax>148</xmax>
			<ymax>120</ymax>
		</bndbox>
	</object>
</annotation>
