<annotation>
	<folder>USF_logos_main_photos</folder>
	<filename>OIP (43).jpg</filename>
	<path>C:\Users\Andrew\Downloads\USF_logos_main_photos\OIP (43).jpg</path>
	<source>
		<database>Unknown</database>
	</source>
	<size>
		<width>166</width>
		<height>180</height>
		<depth>3</depth>
	</size>
	<segmented>0</segmented>
	<object>
		<name>logo</name>
		<pose>Unspecified</pose>
		<truncated>1</truncated>
		<difficult>0</difficult>
		<bndbox>
			<xmin>1</xmin>
			<ymin>19</ymin>
			<xmax>166</xmax>
			<ymax>161</ymax>
		</bndbox>
	</object>
</annotation>
