<annotation>
	<folder>USF_logos_main_photos</folder>
	<filename>OIP (26).jpg</filename>
	<path>C:\Users\Andrew\Downloads\USF_logos_main_photos\OIP (26).jpg</path>
	<source>
		<database>Unknown</database>
	</source>
	<size>
		<width>174</width>
		<height>180</height>
		<depth>3</depth>
	</size>
	<segmented>0</segmented>
	<object>
		<name>logo</name>
		<pose>Unspecified</pose>
		<truncated>0</truncated>
		<difficult>0</difficult>
		<bndbox>
			<xmin>19</xmin>
			<ymin>34</ymin>
			<xmax>156</xmax>
			<ymax>146</ymax>
		</bndbox>
	</object>
</annotation>
