<annotation>
	<folder>USF_logos_main_photos</folder>
	<filename>OIP (22).jpg</filename>
	<path>C:\Users\Andrew\Downloads\USF_logos_main_photos\OIP (22).jpg</path>
	<source>
		<database>Unknown</database>
	</source>
	<size>
		<width>132</width>
		<height>180</height>
		<depth>1</depth>
	</size>
	<segmented>0</segmented>
	<object>
		<name>logo</name>
		<pose>Unspecified</pose>
		<truncated>1</truncated>
		<difficult>0</difficult>
		<bndbox>
			<xmin>5</xmin>
			<ymin>40</ymin>
			<xmax>132</xmax>
			<ymax>147</ymax>
		</bndbox>
	</object>
</annotation>
